{
  "seeds": 10,
  "raw_parallel": [
    430.3124999996726,
    418.51169999972626,
    439.0721999998277,
    432.625200000075,
    299.2050000002564,
    312.3853999995845,
    287.07179999946675,
    326.1979999997493,
    468.8909999995303,
    479.92710000016814
  ],
  "raw_sequential": [
    1416.1365999989357,
    379.5292000004338,
    448.0156000008719,
    410.1591999997254,
    419.6793000010075,
    578.5678999991433,
    585.7760999997481,
    582.5945000005959,
    411.767300000065,
    414.068999999472
  ],
  "parallel_ms_mean": 389,
  "parallel_ms_std": 74,
  "sequential_ms_mean": 565,
  "sequential_ms_std": 310,
  "speedup_ratio": 1.45,
  "module_seq_mean_ms": {
    "cloud-infra": 231,
    "devops": 23,
    "fullstack": 52,
    "data-eng": 144,
    "mobile": 115
  }
}